"option_a","option_b","categories","status"
"take one big field trip somewhere far away","take three smaller field trips close to school","for-kids","published"
"grow fruit you can eat in the school garden","grow flowers that attract butterflies to the school garden","for-kids","published"
"make a paper airplane that flies the farthest","make a paper airplane that does the best loops","for-kids","published"
"have five short homework problems you know how to solve","have one tricky homework puzzle that might take longer","for-kids","published"
"start school earlier and finish earlier","start school later and finish later","for-kids","published"
"explore a museum with a guide who answers your questions","explore a museum by choosing your own route","for-kids","published"
"practice one sport for a whole season","try a different sport each week","for-kids","published"
"choose one long graphic novel at the book fair","choose three short comic books at the book fair","for-kids","published"
"have a classroom decorated like an underwater world","have a classroom decorated like a space station","for-kids","published"
"draw one detailed picture of your favorite adventure","draw a comic strip showing the whole adventure","for-kids","published"
"make a ten-second animation with lots of tiny details","make a one-minute animation with simpler drawings","for-kids","published"
"try a science experiment when you know what should happen","try a science experiment when the result is a mystery","for-kids","published"
"build something from a box of loose LEGO bricks","build a LEGO set by following the picture instructions","for-kids","published"
"play several short board games on game night","play one long adventure board game on game night","for-kids","published"
"walk a short route to school with one friend","ride a longer bus route with several friends","for-kids","published"
"win a trophy in a drawing contest","win new art supplies in a drawing contest","for-kids","published"
"join your friend's club and try an unfamiliar activity","join a club for your favorite activity and meet new people","for-kids","published"
"choose how your team's robot looks","choose what your team's robot can do","for-kids","published"
"read a book quietly at your own speed","listen to someone read it aloud using funny character voices","for-kids","published"
"write a story with an ending you choose","write a story and let your classmates vote on the ending","for-kids","published"
"bake cookies and invent your own flavor","decorate cupcakes and invent your own designs","for-kids","published"
"play a quiz where you must answer quickly","solve riddles with as much thinking time as you need","for-kids","published"
"look at the moon through a telescope","look at a drop of pond water through a microscope","for-kids","published"
"build a marble run that gets the marble down fast","build a marble run with lots of twists and turns","for-kids","published"
"save your allowance for one bigger purchase each month","spend your allowance on smaller things each week","for-kids","published"
"ride the school bus with your friends","ride to school in a car with your family","for-kids","published"
"walk to school with a friend","ride your bike to school with a friend","for-kids","published"
"sit at the front of the school bus","sit at the back of the school bus","for-kids","published"
"sit near the front of the classroom","sit near the back of the classroom","for-kids","published"
"write with a pen that makes smooth lines","write with a pencil so you can erase mistakes","for-kids","published"
"write your stories in a notebook","type your stories on a computer","for-kids","published"
"carry your books in a backpack","carry your books in a bag with wheels","for-kids","published"
"use a fresh notebook for every school subject","keep all your subjects in one notebook with dividers","for-kids","published"
"wear sneakers with laces","wear sneakers you can slip on","for-kids","published"
"bring your lunch from home","choose your lunch in the school cafeteria","for-kids","published"
"have 15 extra minutes of recess every day","have one homework-free night each week","for-kids","published"
"choose your project topic but present alone","have your teacher choose the topic but present with a friend","for-kids","published"
"sit next to your best friend in class","have a window seat on the other side of the classroom","for-kids","published"
"choose the movie for a class movie afternoon","choose the games for an extra recess","for-kids","published"
"build a working model volcano for a school project","create a simple video game for a school project","for-kids","published"
"perform onstage in the school play","control the lights and sound effects backstage","for-kids","published"
"run your own race on field day","run a relay race with your friends on field day","for-kids","published"
"borrow the next book in your favorite series","borrow a mystery book wrapped so you cannot see its title","for-kids","published"
"eat lunch outside with your friends","eat lunch inside while watching a short cartoon","for-kids","published"
"take a field trip to an aquarium with an underwater tunnel","take a field trip to a science museum with experiments to try","for-kids","published"
"choose what to draw but use only pencils","have your teacher choose the subject but use any art supplies","for-kids","published"
"try a new recess game everyone is learning","play a familiar recess game you are already good at","for-kids","published"
"build a small LEGO creation you can take home","help build a huge LEGO creation that stays at school","for-kids","published"
"have your artwork displayed where the whole school can see it","take your artwork home to decorate your room","for-kids","published"
"join a cooking club and make snacks","join a robotics club and build moving inventions","for-kids","published"
"have a longer lunch break to talk with friends","finish lunch sooner and have more time on the playground","for-kids","published"
"choose your partner for a difficult puzzle","get an easier puzzle with a partner your teacher chooses","for-kids","published"
"keep a book you win in a school contest","give the book to your class library so everyone can read it","for-kids","published"
"make a funny comic your classmates can read","record a funny skit your classmates can watch","for-kids","published"
"spend your entire recess finishing a project you love","stop halfway through to join your friends outside","for-kids","published"